{"cameraMode":{"drawMode":0,"name":"Shaded","section":"Shading Mode"},"sceneLighting":true,"audioPlay":false,"sceneViewState":{"m_AlwaysRefresh":false,"showFog":true,"showSkybox":true,"showFlares":true,"showImageEffects":true,"showParticleSystems":true,"showVisualEffectGraphs":true,"m_FxEnabled":true},"in2DMode":false,"pivot":{"x":0.4393995702266693,"y":2.115631103515625,"z":-1.2140398025512696},"rotation":{"x":0.0693434476852417,"y":0.7456993460655212,"z":-0.07858863472938538,"w":0.6579974293708801},"size":2.8314692974090578,"orthographic":true}