{"cameraMode":{"drawMode":0,"name":"Shaded","section":"Shading Mode"},"sceneLighting":true,"audioPlay":false,"sceneViewState":{"m_AlwaysRefresh":false,"showFog":true,"showSkybox":true,"showFlares":true,"showImageEffects":true,"showParticleSystems":true,"showVisualEffectGraphs":true,"m_FxEnabled":true},"in2DMode":false,"pivot":{"x":-0.1425306797027588,"y":-0.17369091510772706,"z":-0.5079464912414551},"rotation":{"x":0.04099201411008835,"y":-0.9573661684989929,"z":0.17155496776103974,"w":0.2288200557231903},"size":4.881020545959473,"orthographic":false}