{"cameraMode":{"drawMode":0,"name":"Shaded","section":"Shading Mode"},"sceneLighting":true,"audioPlay":false,"sceneViewState":{"m_AlwaysRefresh":false,"showFog":true,"showSkybox":true,"showFlares":true,"showImageEffects":true,"showParticleSystems":true,"showVisualEffectGraphs":true,"m_FxEnabled":true},"in2DMode":false,"pivot":{"x":0.4393995702266693,"y":2.115631103515625,"z":-1.2140398025512696},"rotation":{"x":0.030263077467679979,"y":0.7751060128211975,"z":-0.6300095915794373,"w":0.037234313786029819},"size":3.94012188911438,"orthographic":true}